LeftP,LeftV,MiddleP,MiddleV,RightP,RightV,Heading,Waypoint,Time,LeftAccel,RightAccel
2.17391304347826E-06,0.000869565217391304,2.17391304347826E-06,0.000869565217391304,2.17391304347826E-06,0.000869565217391304,0.00157555655945885,0,0,0.173913043478261,0.173913043478261
4.31486221395258E-06,0.000428189834094864,1.08695652173913E-05,0.00260869565217391,4.31486221395258E-06,0.000428189834094864,0.00145288920784026,0,0.005,-0.0882750766592881,-0.0882750766592881
9.1320089909141E-06,0.000963429355392304,3.04347826086957E-05,0.00521739130434783,9.1320089909141E-06,0.000963429355392304,0.0011768870282225,0,0.01,0.107047904259488,0.107047904259488
1.76958635786311E-05,0.00171277091754341,6.52173913043478E-05,0.00869565217391304,1.76958635786311E-05,0.00171277091754341,0.000686214303982524,0,0.015,0.149868312430221,0.149868312430221
2.53728677220535E-05,0.00153540082868446,0.000119565217391304,0.0130434782608696,3.67811273849767E-05,0.00381705276126911,-8.04681978792132E-05,0,0.02,-0.035474017771789,0.42085636874514
8.43646892442314E-05,0.0117983643044356,0.000197826086956522,0.0182608695652174,0.000134311366190911,0.0195060477611869,-0.00118451252762952,0,0.025,2.05259269515023,3.13779899998356
0.000164658162345112,0.0160586946201761,0.000304347826086957,0.0243478260869565,0.000267061429469366,0.0265500126556909,-0.00268728314009081,0,0.03,0.852066063148099,1.4087929789008
0.000269529734356048,0.0209743144021872,0.000443478260869565,0.031304347826087,0.000440450449652476,0.0346778040366221,-0.00465016344182345,0,0.035,0.983123956402227,1.62555827618623
0.000402255798660071,0.0265452128608047,0.000619565217391304,0.0391304347826087,0.000659898633893566,0.0438896368482179,-0.0071345691734308,0,0.04,1.11417969172349,1.84236656231917
0.000566111455452989,0.0327711313585836,0.000836956521739131,0.0478260869565217,0.000930825544364963,0.0541853820942795,-0.0102019346452664,0,0.045,1.24518369955578,2.05914904921233
0.000764371630000874,0.039652034909577,0.0011,0.0573913043478261,0.00125865231746999,0.0655653546210054,-0.0139137442775024,0,0.05,1.37618071019869,2.27599450534517
0.00100031024200567,0.0471877224009587,0.00141304347826087,0.0678260869565217,0.00164880070188065,0.0780296768821316,-0.0183315288378623,0,0.055,1.50713749827634,2.49286445222524
0.0012772001341484,0.0553779784285459,0.0017804347826087,0.0791304347826087,0.00210669339278426,0.0915785381807221,-0.0235168770641678,0,0.06,1.63805120551744,2.70977225971811
0.00159831301706233,0.0642225765827859,0.00220652173913043,0.091304347826087,0.00263775443432491,0.106212208308131,-0.029531448769859,0,0.065,1.768919630848,2.9267340254818
0.00196691911366386,0.0737212193203057,0.00269565217391304,0.104347826086957,0.00324740916581532,0.121930946298081,-0.036436983492294,0,0.07,1.89972854750396,3.14374759799005
0.00238628710668126,0.0838735986034805,0.00325217391304348,0.118260869565217,0.00394108471023479,0.138735108883893,-0.0442953159904107,0,0.075,2.03047585663495,3.36083251716229
0.0028596835618053,0.0946792910248079,0.0038804347826087,0.13304347826087,0.00472420963617486,0.156624985188015,-0.0531683830856764,0,0.08,2.16113848426549,3.57797526082441
0.00339037351842082,0.106137991323104,0.00458478260869565,0.148695652173913,0.00560221559194286,0.175601191153601,-0.063118253552588,0,0.085,2.29174005965929,3.79524119311718
0.00398161887407398,0.118249071130631,0.0053695652173913,0.165217391304348,0.00658053533041901,0.195663947695229,-0.0742071178165702,0,0.09,2.42221596150536,4.01255130832561
0.00463667943907349,0.131012112999903,0.00623913043478261,0.182608695652174,0.00766460519176953,0.216813972270104,-0.0864973288665425,0,0.095,2.55260837385428,4.23000491497499
0.00535881188485862,0.144426489157026,0.00719782608695652,0.200869565217391,0.00885986414196208,0.23905179003851,-0.100051404837302,0,0.1,2.68287523142462,4.44756355368133
0.00615126961010917,0.158491545050111,0.00825,0.22,0.0101717543697537,0.262378045558332,-0.114932049947896,0,0.105,2.81301117861703,4.66525110396439
0.00701730238425669,0.173206554829505,0.0094,0.24,0.0116057215553793,0.286793437125113,-0.13120217241152,0,0.11,2.94300195587876,4.88307831335623
0.00796015620791899,0.188570764732458,0.0106521739130435,0.260869565217391,0.0131672155382814,0.312298796580425,-0.148924907563043,0,0.115,3.07284198059067,5.10107189106225
0.00898307274466138,0.204583307348479,0.0120108695652174,0.282608695652174,0.0148616903147206,0.338894955287831,-0.168163634069359,0,0.12,3.20250852320426,5.31923174148121
0.0100892890039249,0.221243251852698,0.0134804347826087,0.305217391304348,0.0166946044904679,0.366582835149459,-0.188981995981621,0,0.125,3.33198890084376,5.5375759723257
0.0112820369843117,0.238549596077366,0.0150652173913043,0.328695652173913,0.0186714217069733,0.395363443301091,-0.21144392516328,0,0.13,3.46126884493354,5.75612163032626
0.0125645432772869,0.256501258595049,0.0167695652173913,0.35304347826087,0.0207976110407106,0.425237866747454,-0.235613664083701,0,0.135,3.59033250353671,5.97488468927264
0.0139400286313853,0.275097070819675,0.0185978260869565,0.378260869565217,0.0230786473753995,0.456207266937781,-0.261555788966177,0,0.14,3.71916244492509,6.19388003806552
0.0154117074770595,0.294335769134836,0.020554347826087,0.404347826086957,0.0255200117468227,0.488272874284633,-0.289335233278436,0,0.145,3.84773966303213,6.41312146937028
0.0169827878165698,0.314216067902065,0.0226434782608696,0.431304347826087,0.0281271923308428,0.521436116804033,-0.319017319191801,0,0.15,3.97605975344599,6.63264850388004
0.0186564700802185,0.334736452729734,0.0248695652173913,0.459130434782609,0.0309056837533345,0.555698284498331,-0.350667770578781,0,0.155,4.10407696553378,6.85243353885969
0.0204359475299863,0.355895489953553,0.0272369565217391,0.487826086956522,0.0338609890042517,0.591061050183442,-0.384352756283903,0,0.16,4.23180744476366,7.07255313702213
0.0223244048171132,0.377691457425383,0.02975,0.517391304347826,0.0369986183231323,0.627525863776125,-0.420138899518221,0,0.165,4.35919349436606,7.29296271853657
0.0243250186997533,0.400122776528034,0.0324130434782609,0.547826086956522,0.0403240917068172,0.665094676736981,-0.458093329141008,0,0.17,4.4862638205303,7.51376259217114
0.0264409559924613,0.423187458541583,0.0352304347826087,0.579130434782609,0.0438429368523131,0.703769029099162,-0.498283679470248,0,0.175,4.61293640270971,7.73487047243622
0.0286753745180434,0.446883705116432,0.0382065217391304,0.611304347826087,0.0475606921222269,0.743551053982776,-0.540778147967643,0,0.18,4.7392493149699,7.95640497672276
0.0310314217148581,0.471209439362933,0.041345652173913,0.644347826086957,0.0514829056457489,0.784442704704388,-0.585645509381948,0,0.185,4.86514684930001,8.1783301443225
0.0335122343478266,0.496162526593705,0.0446521739130435,0.678260869565217,0.0556151362852092,0.826446127892057,-0.632955151717866,0,0.19,4.99061744615444,8.40068463753381
0.0361209379681144,0.52174072405755,0.0481304347826087,0.71304347826087,0.0599629542148236,0.86956358592289,-0.682777108295141,0,0.195,5.11563949276901,8.62349160616651
0.0388606461865073,0.547941643678589,0.0517847826086957,0.748695652173913,0.0645319412171803,0.91379740047133,-0.735182087058789,0,0.2,5.24018392420789,8.84676290968809
0.0417344604675393,0.574762856206402,0.0556195652173913,0.785217391304348,0.0693276918748179,0.959150131527521,-0.790241510613427,0,0.205,5.36424250556249,9.0705462112382
0.0447454691288098,0.602201732254094,0.0596391304347826,0.822608695652174,0.0743558134616576,1.00562431736795,-0.848027541780752,0,0.21,5.48777520953851,9.29483716808579
0.0478967467725965,0.630255528757335,0.0638478260869565,0.860869565217391,0.0796219265773984,1.05322262314815,-0.908613118057133,0,0.215,5.61075930064816,9.51966115603993
0.051191354119274,0.658921469335511,0.06825,0.9,0.0851316664751656,1.10194797955344,-0.972071994420432,0,0.22,5.73318811563512,9.74507128105842
0.0546323370859324,0.688196593331683,0.07285,0.94,0.0908906831473028,1.15180333442745,-1.03847877218382,0,0.225,5.8550247992345,9.9710709748023
0.0582227259818355,0.718077779180615,0.0776521739130435,0.980869565217391,0.0969046416205163,1.2027916946427,-1.10790893049996,0,0.23,5.97623716978637,10.1976720430486
0.0619655350211804,0.748561807868984,0.0826608695652174,1.02260869565217,0.103179222794496,1.25491623479586,-1.18043886434444,0,0.235,6.09680573767379,10.4249080306337
0.065863762499331,0.779645495630121,0.0878804347826087,1.06521739130435,0.109720125405016,1.30818052210403,-1.2561459357064,0,0.24,6.21673755222749,10.6528574616323
0.0699203882863454,0.811325157402872,0.0933152173913044,1.10869565217391,0.11653306349304,1.36258761760477,-1.33510847288926,0,0.245,6.33593235455008,10.8814191001488
0.074138375706682,0.843597484067316,0.0989695652173913,1.15304347826087,0.123623771235231,1.41814154843818,-1.41740585504571,0,0.25,6.4544653328888,11.1107861666821
0.0785206681467365,0.876458488010908,0.104847826086957,1.19826086956522,0.130997998920582,1.47484553707037,-1.50311849410411,0,0.255,6.57220078871843,11.3407977264372
0.0830701913389644,0.909904638445569,0.110954347826087,1.24434782608696,0.138661518459042,1.53270390769195,-1.5923279271443,0,0.26,6.6892300869323,11.5716741243172
0.087789849956165,0.943931723440116,0.11729347826087,1.29130434782609,0.146620119308569,1.59172016990527,-1.68511679728363,0,0.265,6.80541699890933,11.8032524426645
0.0926825290454736,0.978535817861724,0.123869565217391,1.33913043478261,0.1548796125284,1.65189864396629,-1.78156892871445,0,0.27,6.92081888432157,12.0356948122023
0.097751092575948,1.01371270609488,0.130686956521739,1.38782608695652,0.163445829949537,1.71324348422747,-1.88176934454955,0,0.275,7.03537764663051,12.2689680522367
0.102998382704114,1.04945802563326,0.13775,1.43739130434783,0.172324624519547,1.775758914002,-1.9858042977415,0,0.28,7.14906390767616,12.5030859549067
0.108427220017222,1.08576746262148,0.145063043478261,1.48782608695652,0.181521872263544,1.83944954879929,-2.09376132029269,0,0.285,7.26188739764533,12.7381269594563
0.114040401690452,1.12263633464614,0.152630434782609,1.53913043478261,0.191043470667029,1.90431968069698,-2.20572922972022,0,0.29,7.37377440493181,12.9740263795382
0.119840702267042,1.16006011531787,0.16045652173913,1.59130434782609,0.200895341442951,1.97037415518451,-2.32179818597848,0,0.295,7.48475613434443,13.2108948975059
0.125830872191354,1.19803398486238,0.168545652173913,1.64434782608696,0.211083429424868,2.03761759638342,-2.4420597017759,0,0.3,7.59477390890249,13.4486882397833
0.132013637756595,1.23655311304824,0.176902173913043,1.69826086956522,0.221613703779876,2.10605487100148,-2.566606678822,0,0.305,7.70382563717327,13.6874549236124
0.138391700784906,1.27561260566228,0.185530434782609,1.75304347826087,0.232492158680535,2.17569098013181,-2.69553343624251,0,0.31,7.81189852280626,13.9272218260648
0.144967738049207,1.31520745286019,0.194434782608696,1.80869565217391,0.243724813434056,2.24653095070436,-2.82893573084448,0,0.315,7.91896943958217,14.1679941145098
0.15174440024701,1.35533243956067,0.203619565217391,1.86521739130435,0.255317711724357,2.31857965806019,-2.96691076480228,0,0.32,8.02499734009663,14.4097414711665
0.158724313169842,1.39598258456629,0.213089130434783,1.92260869565217,0.267276924475102,2.3918425501489,-3.1095572341777,0,0.325,8.1300290011237,14.6525784177422
0.16591007588075,1.43715254218154,0.222847826086957,1.98086956521739,0.279608547448081,2.46632459459589,-3.25697531233078,0,0.33,8.23399152304951,14.8964088893978
0.173304261864143,1.47883719667867,0.2329,2.04,0.292318703760827,2.54203126254909,-3.40926668910519,0,0.335,8.33693089942784,15.1413335906405
0.180909417469913,1.52103112115406,0.24325,2.1,0.305413541576046,2.6189675630438,-3.56653454921,0,0.34,8.43878489507799,15.3872600989421
0.188728063253772,1.56372915677177,0.253902173913043,2.16086956521739,0.318899236555926,2.69713899597602,-3.7288836041342,0,0.345,8.53960712354014,15.6342865864433
0.196762693008686,1.60692595098276,0.264860869565217,2.22260869565217,0.332781990115149,2.7765507118447,-3.89642006984857,0,0.35,8.63935884219975,15.8823431737358
0.205015774640156,1.65061632629407,0.276130434782609,2.28521739130435,0.347068030591867,2.85720809534344,-4.06925167527891,0,0.355,8.73807506226134,16.1314766997489
0.213489749483494,1.69479496866754,0.287715217391304,2.34869565217391,0.361763611442941,2.9391161702149,-4.24748763016423,0,0.36,8.83572847469343,16.3816149742908
0.222187033657911,1.73945683488346,0.299619565217391,2.41304347826087,0.376875012649083,3.02228024122845,-4.43123862652145,0,0.365,8.93237324318474,16.6328142027107
0.231110017893822,1.78459684718213,0.311847826086957,2.47826086956522,0.392408539133419,3.10670529686703,-4.62061679829051,0,0.37,9.02800245973361,16.885011127717
0.240261068094314,1.83021004009837,0.324404347826087,2.54434782608696,0.408370520069347,3.19239618718565,-4.81573568542353,0,0.375,9.12263858324858,17.138178063724
0.249642526794034,1.87629173994401,0.33729347826087,2.61130434782609,0.424767309341514,3.27935785443342,-5.01671020529948,0,0.38,9.21633996912692,17.3923334495528
0.259256712938949,1.92283722898306,0.350519565217391,2.67913043478261,0.441605282623612,3.36759465641953,-5.22365657532106,0,0.385,9.30909780781009,17.6473603972226
0.269105924222974,1.969842256805,0.364086956521739,2.74782608695652,0.458890838427957,3.45711116086915,-5.43669227604684,0,0.39,9.40100556438885,17.9033008899242
0.279192437419997,2.01730263940459,0.378,2.81739130434783,0.476630395113608,3.54791133713014,-5.65593595597073,0,0.395,9.49207651991788,18.1600352521971
0.28951693780736,2.06490007747266,0.392260869565217,2.88695652173913,0.494827615519137,3.63944408110582,-5.88147291674723,0,0.4,9.51948761361443,18.3065487951362
0.30007853140832,2.112318720192,0.406869565217391,2.95652173913043,0.513483393264599,3.73115554909229,-6.11335437003743,0,0.405,9.48372854386665,18.3422935972946
0.310876327066363,2.15955913160858,0.421826086956522,3.02608695652174,0.532598619378251,3.82304522273044,-6.35163137249533,0,0.41,9.44808228331668,18.3779347276298
0.321909439198766,2.20662242648054,0.437130434782609,3.09565217391304,0.552174179626215,3.91511204959277,-6.5963546703853,0,0.415,9.41265897439258,18.4133653724669
0.333176990484344,2.2535102571157,0.452782608695652,3.16521739130435,0.572210951228676,4.00735432049234,-6.84757452851026,0,0.42,9.37756612703087,18.4484541799131
0.344678114940083,2.30022489114768,0.468782608695652,3.23478260869565,0.592709799747743,4.0997697038132,-7.10534055291693,0,0.425,9.34292680639723,18.4830766641715
0.356411961518296,2.34676931564272,0.485130434782609,3.30434782608696,0.613671576369625,4.19235532437647,-7.36970150998526,0,0.43,9.30888489900665,18.517124112655
0.368377697183078,2.39314713295622,0.501826086956522,3.37391304347826,0.63509711370666,4.28510746740704,-7.64070511803156,0,0.435,9.27556346270038,18.5504286061136
0.38057451114423,2.43936279223045,0.518869565217391,3.44347826086957,0.656987223097534,4.37802187817481,-7.9183978486723,0,0.44,9.24313185484715,18.5828821535543
0.393001617943663,2.48542135988653,0.536260869565217,3.51304347826087,0.679342689267545,4.4710932340022,-8.20282468543292,0,0.445,9.21171353121535,18.6142711654769
0.405658262246041,2.53132886047563,0.554,3.58260869565217,0.702164267444549,4.56431563540078,-8.49402890388308,0,0.45,9.18150011781993,18.6444802797165
0.418543723140116,2.57709217881501,0.572086956521739,3.65217391304348,0.725452678994826,4.65768231005535,-8.79205182338877,0,0.455,9.15266366787675,18.6733349309145
0.431657317993171,2.62271897061102,0.590521739130435,3.72173913043478,0.749208605627359,4.75118532650674,-9.09693253065424,0,0.46,9.12535835920147,18.7006032902781
0.444998408178592,2.6682180370843,0.609304347826087,3.79130434782609,0.773432686359702,4.84481614646857,-9.40870762871604,0,0.465,9.09981329465595,18.7261639923658
0.458566403454018,2.71359905508514,0.628434782608696,3.86086956521739,0.798125511421289,4.9385650123174,-9.72741093685944,0,0.47,9.07620360016788,18.7497731697652
0.472360767228195,2.75887275483545,0.647913043478261,3.9304347826087,0.823287617138386,5.03242114341923,-10.0530731931963,0,0.475,9.05473995006085,18.771226220367
0.486381022031063,2.80405096057348,0.667739130434783,4,0.848919480573115,5.1263726869458,-10.3857217443757,0,0.48,9.03564114760691,18.7903087053138
0.500626755291873,2.84914665216206,0.687913043478261,4.0695652173913,0.875021514121006,5.22040670957839,-10.7253802252808,0,0.485,9.01913831771655,18.8068045265181
0.515097625330341,2.89417400769357,0.708434782608696,4.13913043478261,0.901594059913268,5.31450915845226,-11.0720682270286,0,0.49,9.00547110630097,18.8204897747729
0.529793366750175,2.93914828396676,0.729304347826087,4.20869565217391,0.928637382554819,5.40866452831031,-11.4258009344123,0,0.495,8.99485525463879,18.8310739716108
0.544713797443156,2.98408613859634,0.750521739130435,4.27826086956522,0.956151664283908,5.5028563458178,-11.7865887865779,0,0.5,8.98757092591547,18.8383635014967
0.559858824661881,3.02900544374497,0.772086956521739,4.34782608695652,0.984136997928348,5.59706672888786,-12.1544371012588,0,0.505,8.98386102972655,18.8420766140121
0.575228451340527,3.07392533572915,0.794,4.41739130434783,1.01259337986086,5.69127638650168,-12.5293456918786,0,0.51,8.98397839683591,18.8419315227645
0.590822783453624,3.11886642261951,0.816260869565217,4.48695652173913,1.04152070447787,5.78546492340372,-12.9113084985608,0,0.515,8.9882173780726,18.8377073804082
0.606642036226357,3.1638505545465,0.838869565217391,4.55652173913044,1.07091875621999,5.87961034842272,-13.3003131816122,0,0.52,8.99682638539661,18.8290850038012
0.622686541291706,3.20890101306988,0.861826086956522,4.62608695652174,1.10078720308069,5.9736893721398,-13.6963407305173,0,0.525,9.0100917046775,18.8158047434152
0.638956753941205,3.25404252989969,0.885130434782609,4.69565217391304,1.13112559011335,6.06767740653353,-14.0993650702002,0,0.53,9.02830336596017,18.7976068787462
0.655453259582048,3.29930112816873,0.908782608695652,4.76521739130435,1.16193333137031,6.16154825139088,-14.5093526451031,0,0.535,9.05171965380909,18.7741689714702
0.672176781193364,3.3447043222632,0.932782608695652,4.83478260869565,1.19320970371528,6.25527446899429,-14.9262620283113,0,0.54,9.08063881889367,18.7452435206806
0.68912818623655,3.39028100863707,0.957130434782609,4.90434782608696,1.22495383974547,6.34882720603818,-15.3500435208078,0,0.545,9.11533727477503,18.7105474087781
0.706308493429105,3.43606143851101,0.981826086956522,4.97391304347826,1.25716472070414,6.44217619173357,-15.7806387543671,0,0.55,9.15608597478679,18.6697971390782
0.723718879485533,3.48207721128566,1.00686956521739,5.04347826086957,1.28984116970996,6.5352898011635,-16.2179803044665,0,0.555,9.2031545549311,18.6227218859857
0.741360685679617,3.52836123881676,1.03226086956522,5.11304347826087,1.32298184517252,6.62813509251323,-16.6619913136476,0,0.56,9.25680550621975,18.5690582699463
0.759235424298421,3.57494772376075,1.058,5.18260869565217,1.35658523467681,6.72067790085718,-17.1125851314123,0,0.565,9.31729698879806,18.5085616687903
0.77734478466931,3.62187207417776,1.08408695652174,5.25217391304348,1.39064964889598,6.81288284383342,-17.5696649671641,0,0.57,9.38487008340188,18.4409885952491
0.795689130286856,3.66886912350934,1.11051956521739,5.32086956521739,1.42517037660531,6.90414554186733,-18.0330854411798,0,0.575,9.399409866315,18.2525396067801
0.814267504649161,3.71567487246092,1.13729347826087,5.38869565217391,1.46013967839937,6.99386035881047,-18.5026522373727,0,0.58,9.36114979031721,17.9429633886294
0.83307914270747,3.7623276116619,1.16440434782609,5.45565217391304,1.49554962395054,7.08198911023556,-18.9781600852075,0,0.585,9.330547840195,17.6257502850168
0.852123470776931,3.80886561389211,1.19184782608696,5.52173913043478,1.53139209114052,7.16849343799505,-19.4593927373648,0,0.59,9.30760044604328,17.3008655518991
0.871400106049273,3.85532705446848,1.21961956521739,5.58695652173913,1.56765876706283,7.25333518446332,-19.9461230124166,0,0.595,9.29228811527221,16.9683492936544
0.890908854999523,3.90174979004984,1.2477152173913,5.65130434782609,1.60434114968426,7.33647652428433,-20.4381128880596,0,0.6,9.28454711627369,16.6282679642004
0.910649710842513,3.94817116859809,1.27613043478261,5.71478260869565,1.64143055055925,7.41788017499789,-20.9351136517409,0,0.605,9.2842757096486,16.2807301427121
0.930622849573258,3.99462774614908,1.30486086956522,5.77739130434783,1.67891809780336,7.49750944882292,-21.4368660992714,0,0.61,9.29131551019786,15.9258547650069
0.95082862568493,4.04115522233442,1.33390217391304,5.83913043478261,1.71679474143817,7.57532872696209,-21.943100810618,0,0.615,9.30549523706929,15.5638556278339
0.971267566308545,4.08778812472298,1.36325,5.9,1.75505125877864,7.65130346809318,-22.4535384721272,0,0.62,9.32658047771202,15.1949482262184
0.991940364615688,4.13455966142849,1.3929,5.96,1.79367826144693,7.72540053365852,-22.9678902664583,0,0.625,9.35430734110092,14.8194131130678
1.01284787170441,4.18150141774529,1.42284782608696,6.01913043478261,1.83266620252794,7.79758821620122,-23.4858583100318,0,0.63,9.38835126335977,14.4375365085391
1.03399108821081,4.22864330127932,1.45308913043478,6.07739130434783,1.8720053861335,7.86783672111266,-24.0071361673438,0,0.635,9.42837670680632,14.0497009822896
1.05537115419791,4.27601319741968,1.48361956521739,6.13478260869565,1.91168597658268,7.93611808983564,-24.5314094036331,0,0.64,9.4739792280718,13.6562737445947
1.07698933871124,4.32363690266561,1.5144347826087,6.19130434782609,1.95169800967188,8.00240661784047,-25.058356206971,0,0.645,9.52474104918668,13.2577056009673
1.0988470278504,4.37153782783296,1.54553043478261,6.24695652173913,1.9920314037454,8.06667881470401,-25.5876480471479,0,0.65,9.58018503346985,12.8544393727069
1.12094571249628,4.41973692917603,1.57690217391304,6.30173913043478,2.03267597250427,8.12891375177391,-26.1189503942265,0,0.655,9.63982026861423,12.4469874139809
1.14328697509525,4.46825251979348,1.60854565217391,6.35565217391304,2.07362143823255,8.18909314565582,-26.6519234760707,0,0.66,9.70311812348985,12.0358787763806
1.16587247569658,4.51710012026567,1.64045652173913,6.40869565217391,2.11485744557412,8.24720146831355,-27.1862230730407,0,0.665,9.76952009443703,11.6216645315461
1.18870393740131,4.56629234094565,1.67263043478261,6.46086956521739,2.15637357589541,8.30322606425812,-27.7215013463362,0,0.67,9.83844413599613,11.2049191889149
1.21178313161058,4.61583884185414,1.70506304347826,6.51217391304348,2.19815936265995,8.35715735290941,-28.2574077010727,0,0.675,9.90930018169855,10.7862577302587
1.23511186241416,4.66574616071756,1.73775,6.56260869565217,2.24020430632004,8.40898873201768,-28.7935896601546,0,0.68,9.98146377268476,10.3662758216533
1.25869195115159,4.71601774748573,1.77068695652174,6.61217391304348,2.28249789029429,8.45871679484906,-29.3296937643166,0,0.685000000000001,10.0543173536332,9.9456125662762
1.28252522054239,4.76665387815968,1.80386956521739,6.66086956521739,2.32502959661533,8.50634126420798,-29.865366475056,0,0.690000000000001,10.1272261347901,9.52489387178339
1.30661347878968,4.81765164945698,1.83729347826087,6.70869565217391,2.36778892166009,8.55186500895154,-30.400255080696,0,0.695000000000001,10.1995542594592,9.10474894871172
1.33095850396339,4.86900503474175,1.87095434782609,6.75565217391304,2.41076539218113,8.59529410420938,-30.9340086030625,0,0.700000000000001,10.2706770569553,8.68581905156773
1.35556202826938,4.92070486119793,1.90484782608696,6.80173913043478,2.45394858061925,8.63663768762412,-31.4662786868383,0,0.705000000000001,10.3399652912366,8.26871668294906
1.38042572287618,4.97273892136022,1.93896956521739,6.84695652173913,2.49732812057923,8.67590799199468,-31.9967204776161,0,0.710000000000001,10.4068120324566,7.85406087411147
1.40555118294248,5.02509201326001,1.9733152173913,6.89130434782609,2.54089372153747,8.71312019164824,-32.524993472195,0,0.715000000000001,10.4706183799584,7.44243993071265
1.43093991333247,5.07774607799938,2.00788043478261,6.93478260869565,2.58463518335409,8.74829236332475,-33.0507623435659,0,0.720000000000001,10.5308129478745,7.03443433530175
1.45659331482523,5.13068029855209,2.04266086956522,6.97739130434783,2.62854240998486,8.78144532615351,-33.5736977288214,0,0.725000000000001,10.5868441105409,6.63059256575167
1.48251267101779,5.18387123851054,2.07765217391304,7.01913043478261,2.67260542250244,8.81260250351601,-34.0934769774038,0,0.730000000000001,10.6381879916917,6.23143547249967
1.50869913605971,5.23729300838552,2.11285,7.06,2.71681437144604,8.84178978872064,-34.6097848562888,0,0.735000000000001,10.6843539749944,5.83745704092635
1.53515372318765,5.29091742558806,2.14825,7.1,2.76115954825593,8.86903536197803,-35.1223142060354,0,0.740000000000001,10.724883440508,5.44911465147813
1.56187729417054,5.3447141965767,2.18384782608696,7.13913043478261,2.80563139582233,8.89436951327914,-35.6307665453722,0,0.745000000000001,10.7593541977293,5.06683026022188
1.58887054971334,5.39865110856136,2.21963913043478,7.17739130434783,2.85022051809802,8.91782445513765,-36.1348526214988,0,0.750000000000001,10.7873823969305,4.69098837170208
1.6161340208424,5.45269422581092,2.25561956521739,7.21478260869565,2.89491768871238,8.9394341228732,-36.6342929036586,0,0.755000000000001,10.808623449913,4.32193354711075
1.64366806127646,5.5068080868117,2.2917847826087,7.25130434782609,2.93971385852446,8.95923396241514,-37.128818018074,0,0.760000000000001,10.8227722001553,3.95996790838637
1.67147284091543,5.56095592779422,2.32813043478261,7.28695652173913,2.98460016228818,8.97726075274511,-37.6181691254275,0,0.765000000000001,10.8295681965055,3.60535806599422
1.69954834024878,5.61509986667106,2.36465217391304,7.32173913043478,3.02956792409271,8.99355236090442,-38.1020982369021,0,0.770000000000001,10.8287877753664,3.25832163186348
1.72789434589345,5.66920112893264,2.40134565217391,7.35565217391304,3.07460866193219,9.00814756789752,-38.5803684729237,0,0.775000000000001,10.8202524523167,2.91904139861856
1.75651044704561,5.72322023043176,2.43820652173913,7.38869565217391,3.11971409109458,9.02108583247664,-39.0527542618853,0,0.780000000000001,10.8038202998236,2.58765291582499
1.78539603306954,5.77711720478666,2.47523043478261,7.42086956521739,3.16487612678437,9.03240713795783,-39.5190414843538,0,0.785000000000001,10.77939487098,2.26426109623716
1.81455029193168,5.83085177242897,2.51241304347826,7.45217391304348,3.21008688559471,9.04215176206874,-39.9790275600948,0,0.790000000000001,10.7469135284628,1.94892482218236
1.84397220958374,5.88438353041019,2.54975,7.48260869565217,3.25533868609421,9.05036009990094,-40.4325214825467,0,0.795000000000001,10.7063515962432,1.64166756644093
1.87366057019978,5.93767212320975,2.58723695652174,7.51217391304348,3.30062404849301,9.05707247975953,-40.8793438024514,0,0.800000000000001,10.6577185599134,1.34247597171786
1.90361395741693,5.99067744343008,2.62486956521739,7.54086956521739,3.34593569373906,9.06232904921016,-41.3193265664126,0,0.805000000000001,10.6010640440646,1.05131389012634
1.93383075607218,6.04335973104831,2.66264347826087,7.56869565217391,3.39126654140524,9.06616953323486,-41.7523132065957,0,0.810000000000001,10.5364575236466,0.768096804938523
1.96430915488602,6.09567976276857,2.70055434782609,7.59565217391304,3.43660970720034,9.06863315902039,-42.1781583925303,0,0.815000000000001,10.4640063440526,0.492725157106477
1.99504714972245,6.14759896728632,2.73859782608696,7.62173913043478,3.48195849968632,9.06975849719631,-42.5967278436625,0,0.820000000000001,10.3838409035484,0.225067635183862
2.0260425474552,6.19907954654954,2.77676956521739,7.64695652173913,3.52730641640219,9.0695833431733,-43.0078981075384,0,0.825000000000001,10.2961158526442,-0.0350308046019876
2.05729297038112,6.25008458518379,2.8150652173913,7.67130434782609,3.57264713945902,9.068144611366,-43.411556307164,0,0.830000000000001,10.2010077268504,-0.287746361460606
2.08879586104599,6.30057813297506,2.85348043478261,7.69478260869565,3.61797453056212,9.06547822061997,-43.8075998601379,0,0.835000000000001,10.0987095582544,-0.533278149204719
2.12054848773829,6.35052533845914,2.89201086956522,7.71739130434783,3.66328262597617,9.06161908281088,-44.1959361770159,0,0.840000000000001,9.98944109681599,-0.771827561818839
2.15254794987388,6.39989242711884,2.93065217391304,7.73913043478261,3.70856563046124,9.05660089701456,-44.5764823333168,0,0.845000000000001,9.87341773193933,-1.00363715926335
2.18479118422699,6.44864687062162,2.9694,7.76,3.75381791169166,9.05045624608375,-44.9491647311195,0,0.850000000000001,9.75088870055707,-1.22893018616246
2.21727497092225,6.49675733905106,3.00825,7.78,3.79903399374164,9.04321640999606,-45.313918740768,0,0.855000000000001,9.62209368588791,-1.44796721753799
2.24999594003717,6.54419382298545,3.04719782608696,7.79913043478261,3.84420855097014,9.03491144569921,-45.6706883365267,0,0.860000000000001,9.48729678687776,-1.66099285937058
2.28295057794445,6.59092758145605,3.08623913043478,7.81739130434783,3.88933640120258,9.02557004648802,-46.0194257195485,0,0.865000000000001,9.34675169412031,-1.86827984223825
2.31613523411235,6.63693123358038,3.12536956521739,7.83478260869565,3.93441249932335,9.01521962415454,-46.3600909394849,0,0.870000000000001,9.20073042486464,-2.07008446669441
2.3495461276819,6.68217871390993,3.1645847826087,7.85130434782609,3.97943193043867,9.00388622306413,-46.6926515101854,0,0.875000000000001,9.04949606591003,-2.26668021808187
2.3831793542362,6.72664531085836,3.20388043478261,7.86695652173913,4.02438990327787,8.99159456783951,-47.0170820267226,0,0.880000000000001,8.89331938968603,-2.45833104492483
2.41703089239275,6.77030763130992,3.24325217391304,7.88173913043478,4.06928174341746,8.97836802791779,-47.333363782412,0,0.885000000000001,8.73246409031356,-2.64530798434492
2.45109661050202,6.81314362185538,3.28269565217391,7.89565217391304,4.11410288678764,8.96422867403541,-47.6414843908796,0,0.890000000000001,8.56719810909201,-2.8278707764759
2.48537227308495,6.85513251658562,3.32220652173913,7.90869565217391,4.15884887304079,8.94919725063156,-47.9414374116573,0,0.895000000000001,8.39777894604712,-3.00628468076951
2.51985354736302,6.89625485561396,3.36178043478261,7.92086956521739,4.20351533931218,8.93329325427671,-48.2332219843589,0,0.900000000000001,8.22446780566892,-3.18079927096875
2.55453600938485,6.93649240436654,3.40141304347826,7.93217391304348,4.2480980137765,8.91653489286506,-48.5168424685719,0,0.905000000000001,8.04750975051487,-3.35167228233111
2.58941515015965,6.975828154959,3.4411,7.94260869565217,4.29259270958718,8.89893916213552,-48.7923080945144,0,0.910000000000001,7.86715011849264,-3.51914614590783
2.62448638165148,7.01424629836693,3.48083695652174,7.95217391304348,4.33699531904234,8.88052189103181,-49.0596326241758,0,0.915000000000001,7.68362868158565,-3.68345422074157
2.65974504247555,7.05173216481273,3.52061956521739,7.96086956521739,4.3813018078099,8.86129775351212,-49.3188340226889,0,0.920000000000001,7.49717328916013,-3.84482750393893
2.69518640331279,7.08827216744837,3.56044347826087,7.96869565217391,4.42550820926704,8.84128029142709,-49.5699341410461,0,0.925000000000001,7.30800052712723,-4.00349241700546
2.73080567247788,7.12385383301858,3.60030434782609,7.97565217391304,4.4696106195177,8.82048205013242,-49.812958413849,0,0.930000000000001,7.11633311404256,-4.15964825893411
2.76659800067705,7.15846563983279,3.64019782608696,7.98173913043478,4.51360519190232,8.7989144769248,-50.0479355657194,0,0.935000000000001,6.92236136284272,-4.31351464152314
2.80255848613741,7.19209709207235,3.68011956521739,7.98695652173913,4.55748813248645,8.77658811682502,-50.2748973351112,0,0.940000000000001,6.72629044791098,-4.4652720199565
2.83868217908693,7.22473858990344,3.7200652173913,7.99130434782609,4.60125569526732,8.75351255617488,-50.4938782086476,0,0.945000000000001,6.52829956621908,-4.6151121300273
2.87496408617247,7.25638141710976,3.76003043478261,7.99478260869565,4.64490417783377,8.7296965132897,-50.7049151702163,0,0.950000000000001,6.32856544126312,-4.76320857703776
2.91139917451913,7.28701766933149,3.80001086956522,7.99739130434783,4.68842991711743,8.70514785673258,-50.9080474629604,0,0.955000000000001,6.12725044434548,-4.90973131142312
2.94798237586707,7.3166402695876,3.84000217391304,7.99913043478261,4.7318292857577,8.67987372805447,-51.1033163666286,0,0.960000000000001,5.92452005122261,-5.0548257356219
2.98470858999781,7.34524282614875,3.88,8,4.77509868813379,8.65388047521702,-51.2907649857465,0,0.965000000000001,5.72051131222935,-5.1986505674904
3.02157268829213,7.37281965886236,3.92,8,4.81823455706791,8.62717378682378,-51.4704380532449,0,0.970000000000001,5.51536654272358,-5.34133767864837
3.05857153136986,7.39976861554666,3.96,8,4.86123568397265,8.60022538094938,-51.642390883151,0,0.975000000000001,5.38979133685942,-5.38968117487926
3.09570400822561,7.42649537114979,4,8,4.90410317969612,8.57349914469334,-51.8066871277245,0,0.980000000000001,5.34535112062535,-5.34524725120811
3.1329690454589,7.45300744665823,4.04,8,4.94683811754284,8.54698756934416,-51.9633882863251,0,0.985000000000001,5.30241510168779,-5.30231506983547
3.17036560864275,7.47931263676935,4.08,8,4.9894415317657,8.52068284457172,-52.1125536230041,0,0.990000000000001,5.26103802222373,-5.26094495448781
3.20789270368365,7.50541900818042,4.12,8,5.031914416339,8.49457691465991,-52.2542400923974,0,0.995000000000001,5.22127428221406,-5.22118598236183
3.24554937796861,7.53133485699254,4.16,8,5.07425772375493,8.46866148318623,-52.3885022723894,0,1,5.18316976242534,-5.18308629473729
3.28333472141887,7.55706869005228,4.2,8,5.1164723639606,8.44292804113404,-52.5153923034759,0,1.005,5.14676661194677,-5.14668841043857
3.32124786744691,7.58262920560798,4.24,8,5.15855920341129,8.41736789013858,-52.6349598342287,0,1.01,5.11210311113981,-5.11203019909097
3.35928799384053,7.60802527872395,4.28,8,5.20051906424757,8.39197216725492,-52.7472519723948,0,1.015,5.07921462319398,-5.07914457673166
3.39745432343789,7.63326591947206,4.32,8,5.24235272342934,8.36673183635433,-52.8523132407545,0,1.02,5.04812814962303,-5.04806618011919
3.43574612494486,7.65836030139295,4.36,8,5.28406091219867,8.3416377538661,-52.950185538317,0,1.025,5.01887638417742,-5.01881649764435
3.47416271344224,7.68331769947762,4.4,8,5.32564431535774,8.3166806318138,-53.0409081051066,0,1.03,4.99147961693378,-4.99142441046132
3.51270345093879,7.7081474993099,4.44,8,5.36710357074152,8.29185107675606,-53.1245174912153,0,1.035,4.96595996645635,-4.96591101154777
3.55136774692883,7.7328591980076,4.48,8,5.4084392688237,8.26713961643496,-53.2010475295393,0,1.04,4.94233973953992,-4.94229206421899
3.5901550586911,7.75746235245369,4.52,8,5.44965195216242,8.24253666774539,-53.2705293113415,0,1.045,4.92063088921775,-4.92058973791458
3.62906489175589,7.78196661295876,4.56,8,5.49074211513476,8.21803259446767,-53.332991165262,0,1.05,4.90085210101423,-4.90081465554475
3.66809680019532,7.80638168788593,4.6,8,5.53171020357928,8.19361768890481,-53.3884586387656,0,1.055,4.88301498543517,-4.88298111257173
3.70725038688366,7.83071733766771,4.64,8,5.57255661449742,8.16928218362628,-53.4369544821281,0,1.06,4.86712995635603,-4.86710105570509
3.74652530377289,7.85498337784451,4.68,8,5.61328169585217,8.1450162709515,-53.4784986347777,0,1.065,4.85320803535974,-4.85318253495564
3.7859212520757,7.87918966056241,4.72,8,5.65388574634479,8.12081009852238,-53.5131082136537,0,1.07,4.84125654358039,-4.8412344858253
3.82543798241301,7.90334606746221,4.76,8,5.69436901522434,8.0966537759113,-53.5407975035283,0,1.075,4.83128137995994,-4.83126452221541
3.86507529500338,7.92746251807529,4.8,8,5.73473170220445,8.07253739602159,-53.5615779491924,0,1.08,4.82329012261591,-4.82327597794239
3.90483303971308,7.9515489419382,4.84,8,5.77497395729688,8.04845101848513,-53.5754581492576,0,1.085,4.81728477258141,-4.81727550729225
3.94471111618322,7.97561529402908,4.88,8,5.81509588078103,8.02438469683125,-53.5824438516371,0,1.09,4.81327041817519,-4.81326433077527
3.98470947384892,7.99967153314041,4.92,8,5.85509752311775,8.00032846734313,-53.5825379505301,0,1.095,4.81124782226594,-4.81124589762487
4.02482811198289,8.0237276267927,4.96,8,5.89497888494078,7.9762723646065,-53.5757404849285,0,1.1,4.81121873045769,-4.81122054732541
4.0650670796854,8.04779354050229,5,8,5.9347399170461,7.95220642106362,-53.5620486385961,0,1.105,4.81318274191835,-4.81318870857574
4.10542647587552,8.07187923802486,5.04,8,5.97438052043379,7.92812067753864,-53.5414567415224,0,1.11,4.81713950451379,-4.81714870499612
4.14590644920847,8.09599466658939,5.08,8,6.01390054632924,7.90400517909051,-53.5139562728956,0,1.115,4.82308571290595,-4.82309968962671
4.18650719804084,8.12014976647452,5.12,8,6.05329979630471,7.87984999509283,-53.4795358655809,0,1.12,4.8310199770274,-4.83103679953576
4.22722897027051,8.14435444593467,5.16,8,6.09257802233387,7.85564520583325,-53.4381813122706,0,1.125,4.84093589202956,-4.84095785191627
4.26807206325316,8.16861859652884,5.2,8,6.13173492697949,7.8313809291225,-53.3898755732494,0,1.13,4.85283011883411,-4.85285534214928
4.30903682360525,8.19295207041844,5.24,8,6.17077016353274,7.8070473106504,-53.334598786031,0,1.135,4.86669477791892,-4.86672369442047
4.35012364699347,8.21736467764463,5.28,8,6.20968333620666,7.78263453478457,-53.2723282769305,0,1.14,4.88252144523926,-4.88255517316514
4.39133297792264,8.24186618583262,5.32,8,6.24847400039934,7.75813283853495,-53.2030385746799,0,1.145,4.90030163759769,-4.90033924992446
4.43266530945669,8.26646630681014,5.36,8,6.28714166297057,7.73353251424771,-53.1267014263453,0,1.15,4.9200241955031,-4.92006485744909
4.47412118283232,8.29117467512646,5.4,8,6.32568578250253,7.70882390639093,-53.0432858158621,0,1.155,4.94167366326437,-4.94172157135573
4.51570118723477,8.31600088048962,5.44,8,6.36410576980289,7.68399746007272,-52.9527579848715,0,1.16,4.96524107263312,-4.96528926364164
4.55740595919642,8.34095439233056,5.48,8,6.40240098815705,7.65904367083201,-52.8550814571716,0,1.165,4.99070236818753,-4.99075784814185
4.59923618224413,8.36604460954227,5.52,8,6.44057075392107,7.6339531528032,-52.7502170658078,0,1.17,5.01804344234138,-5.01810360576158
4.64119258637264,8.3912808257004,5.56,8,6.47861433707157,7.60871663010111,-52.6381229839099,0,1.175,5.04724323162726,-5.04730454041766
4.68327594728701,8.4166721828753,5.6,8,6.51653096167703,7.58332492109033,-52.5187547598927,0,1.18,5.07827143497934,-5.0783418021572
4.72548708591524,8.4422277256466,5.64,8,6.55431980675621,7.55776901583685,-52.3920653560127,0,1.185,5.11110855425976,-5.11118105069475
4.76782686751478,8.46795631990772,5.68,8,6.59198000692381,7.53204003351912,-52.2580051924554,0,1.19,5.14571885222423,-5.14579646354569
4.81029620083733,8.49386666450909,5.72,8,6.62951065325906,7.50612926704988,-52.1165221961465,0,1.195,5.18206892027351,-5.1821532938499
4.85289603724699,8.51996728193311,5.76,8,6.66691079431503,7.4800282111945,-51.9675618549251,0,1.2,5.22012348480487,-5.22021117107414
4.89562736960354,8.54626647130933,5.8,8,6.70417943711879,7.45372856075325,-51.811067278188,0,1.205,5.25983787524389,-5.25993008825161
4.93849123104754,8.57277228880021,5.84,8,6.74131554830306,7.42722223685421,-51.6469792641085,0,1.21,5.30116349817646,-5.30126477980684
4.98148869386597,8.59949256368581,5.88,8,6.77831805553989,7.4005014473642,-51.4752363732051,0,1.215,5.34405497711923,-5.34415789800224
5.02462086790558,8.62643480792235,5.92,8,6.81518584883351,7.37355865872518,-51.2957750108301,0,1.22,5.38844884730736,-5.38855772780487
5.06788660140009,8.65314669890247,5.95999787926893,7.99915170757215,6.85191583827365,7.34599788802716,-51.1085396523593,0,1.225,5.3423781960241,-5.51215413960282
5.1112823850646,8.67915673290147,5.99998934316268,7.99743384992691,6.88850294378332,7.31742110193379,-50.9134852969876,0,1.23,5.20200679980114,-5.71535721867527
5.15480462396529,8.70444778013787,6.03997004385516,7.99484642706428,6.92494206445818,7.28782413497362,-50.7105688008618,0,1.235,5.05820944728015,-5.91939339203282
5.19844969147358,8.7290135016569,6.07993563352028,7.99138943898426,6.96122813121672,7.2572133517066,-50.4997488397236,0,1.24,4.91314430380498,-6.12215665340425
5.24221392544724,8.75284679473343,6.11988176433196,7.98706288568685,6.99735611033883,7.22559582442292,-50.280986119687,0,1.245,4.7666586153067,-6.32350545673592
5.28609362446643,8.7759398038367,6.15980408846411,7.98186676717205,7.033321007483,7.19297942883271,-50.0542436001513,0,1.25,4.61860182065266,-6.52327911804136
5.33008504360521,8.7982838277557,6.19969825809064,7.97580108343985,7.06911787175147,7.15937285369494,-49.8194867313965,0,1.255,4.46880478380152,-6.72131502755526
5.37418439016488,8.81986931193394,6.23955992538546,7.96886583449027,7.10474180015652,7.12478568100991,-49.5766837047651,0,1.26,4.3170968356474,-6.91743453700511
5.41838781886884,8.84068574079349,6.27938474252249,7.96106102032329,7.14018794207813,7.0892283843215,-49.3258057180236,0,1.265,4.16328577190939,-7.11145933768211
5.46269142724928,8.86072167608763,6.31916836167565,7.95238664093892,7.17545150430042,7.05271244445756,-49.066827251809,0,1.26999999999999,4.00718705882852,-7.30318797278855
5.50709125031876,8.8799646138956,6.35890643501884,7.94284269633716,7.21052775588812,7.015250317541,-48.7997263619785,0,1.27499999999999,3.84858756159403,-7.49242538331245
5.55158325560496,8.89840105723985,6.39859461472598,7.93242918651801,7.24541203375507,6.97685557339069,-48.524484981382,0,1.27999999999999,3.68728866884958,-7.67894883006051
5.59616333718066,8.91601631514108,6.43822855297098,7.92114611148146,7.28009974782603,6.93754281419157,-48.2410892387685,0,1.28499999999999,3.52305158024713,-7.86255183982512
5.64082731042364,8.93279464859543,6.47780390192775,7.90899347122753,7.31458638714124,6.89732786304143,-47.9495297837916,0,1.28999999999999,3.3556666908698,-8.04299023002795
5.68557090567522,8.94871905031501,6.51731631377021,7.8959712657562,7.34886752544537,6.8562276608255,-47.6498021287923,0,1.29499999999999,3.18488034391535,-8.22004044318518
5.73038976245926,8.96377135680878,6.55676144067227,7.88207949506749,7.3829388275307,6.81426041706749,-47.3419069961373,0,1.29999999999999,3.01046129875431,-8.39344875160215
5.77527942306887,8.97793212192247,6.59613493480784,7.86731815916138,7.41679605537688,6.77144556923538,-47.0258506778418,0,1.30499999999999,2.83215302273767,-8.56296956642328
5.82023532613307,8.99118061283928,6.63543244835084,7.85168725803788,7.45043507452731,6.72780383008661,-46.7016454025483,0,1.30999999999999,2.64969818336276,-8.72834782975289
5.86525280025516,9.00349482441909,6.67464963347517,7.83518679169699,7.48385186072408,6.68335723935371,-46.3693097078554,0,1.31499999999999,2.4628423159605,-8.88931814658065
5.91032705721349,9.01485139166478,6.71378214235476,7.81781676013871,7.51704250637352,6.6381291298869,-46.0288688203351,0,1.31999999999999,2.27131344913971,-9.04562189336264
5.95545318548215,9.02522565373336,6.75282562716352,7.79957716336303,7.55000322735623,6.59214419654201,-45.6803550362508,0,1.32499999999999,2.07485241371472,-9.19698666897784
6.00062614336879,9.03459157732726,6.79177574007535,7.78046800136997,7.58273036960098,6.54542844895155,-45.3238081064827,0,1.32999999999999,1.87318471878051,-9.34314951809156
6.04584075241178,9.04292180859778,6.83062813326417,7.76048927415951,7.61522041583388,6.49800924657903,-44.959275619042,0,1.33499999999999,1.66604625410365,-9.4838404745035
6.09109169082297,9.05018768223771,6.8693784589039,7.73964098173167,7.64746999227175,6.44991528757359,-44.5868133786852,0,1.33999999999999,1.45317472798716,-9.61879180108731
6.13637348671033,9.05635917747205,6.90802236916845,7.71792312408643,7.67947587499885,6.40117654541991,-44.2064857837605,0,1.34499999999999,1.23429904686638,-9.74774843073618
6.18168051193439,9.06140504481225,6.94655551623172,7.6953357012238,7.71123499655612,6.35182431145467,-43.818366190987,0,1.34999999999999,1.00917346804117,-9.8704467930494
6.22700697571374,9.06529275587077,6.98497355226764,7.67187871314378,7.74274445202579,6.30189109393307,-43.4225372729668,0,1.35499999999999,0.777542211703519,-9.98664350432019
6.2723469187875,9.06798861475168,7.02327212945012,7.64755215984636,7.77400150509469,6.25141061378099,-43.0190913591319,0,1.35999999999999,0.539171776182812,-10.0960960304155
6.31769420759939,9.06945776237826,7.06144689995306,7.62235604133156,7.80500359362597,6.20041770625653,-42.6081307619878,0,1.36499999999999,0.293829525315559,-10.1985815048907
6.36304252910907,9.06966430193607,7.09949351595039,7.59629035759937,7.83574833506237,6.14894828727989,-42.1897680805636,0,1.36999999999999,0.0413079115613613,-10.2938837953282
6.40838538584058,9.06857134630072,7.13740762961601,7.56935510864978,7.86623353128976,6.0970392454778,-41.7641264816078,0,1.37499999999999,-0.218591127070411,-10.3818083604185
6.45371609146428,9.06614112474039,7.17518489312384,7.5415502944828,7.89645717306365,6.04472835477678,-41.3313399529782,0,1.37999999999999,-0.486044312066269,-10.4621781402042
6.49902776690609,9.06233508836172,7.2128209586478,7.51287591509843,7.92641744389023,5.99205416531758,-40.8915535263031,0,1.38499999999999,-0.761207275733256,-10.5348378918409
6.54431333704791,9.05711402836483,7.25031147836178,7.48333197049667,7.95611272330264,5.93905588248207,-40.4449234653754,0,1.38999999999999,-1.04421199937761,-10.599656567101
6.58956552820034,9.05043823048514,7.28765210443972,7.45291846067752,7.98554158954956,5.88577324938233,-39.9916174155918,0,1.39499999999999,-1.33515957593815,-10.656526619948
6.63477686601889,9.04226756370947,7.32483848905552,7.42163538564098,8.01470282138372,5.83224636683297,-39.5318145148966,0,1.39999999999999,-1.63413335513383,-10.705376509873
6.67993967452439,9.0325617011015,7.36186628438309,7.38948274538704,8.04359539928828,5.77851558091074,-39.0657054569881,0,1.40499999999999,-1.94117252159458,-10.746157184445
6.72504607580291,9.02128025570279,7.39873114259634,7.35646053991572,8.07221850577297,5.72462129693895,-38.5934925084131,0,1.40999999999999,-2.2562890797424,-10.7788567943588
6.77008799046584,9.00838293258644,7.4354287158692,7.322568769227,8.1005715247162,5.67060378864636,-38.1153894765432,0,1.41499999999999,-2.57946462326863,-10.8035016585175
6.81505713926524,8.99382975988078,7.47195465637557,7.28780743332089,8.12865403993084,5.61650304292815,-37.6316216222232,0,1.41999999999999,-2.91063454113356,-10.8201491436425
6.85994504551241,8.97758124943313,7.50830461628937,7.25217653219739,8.15646583266707,5.56235854724635,-37.1424255189508,0,1.42499999999999,-3.24970208952955,-10.8288991363599
6.90474303858784,8.95959861508548,7.5444742477845,7.2156760658565,8.18400687818403,5.50820910339155,-36.6480488541125,0,1.42999999999999,-3.59652686952892,-10.8298887709585
6.94944225831299,8.93984394503102,7.58045920303489,7.17830603429822,8.21127734121017,5.45409260522799,-36.1487501736941,0,1.43499999999999,-3.95093401089319,-10.8232996327128
6.99403366059155,8.91828045571083,7.61625513421444,7.14006643752254,8.23827757052017,5.40004586200035,-35.6447985653112,0,1.43999999999999,-4.31269786403732,-10.8093486455276
7.038508023825,8.8948726466919,7.65185769349707,7.10095727552948,8.26500809231624,5.34610435921338,-35.1364732848019,0,1.44499999999999,-4.68156180378578,-10.7883005573948
7.08285595656641,8.86958654828183,7.68726253305669,7.06097854831902,8.29146960270569,5.29230207788957,-34.6240633214591,0,1.44999999999999,-5.05721968201378,-10.7604562647618
7.12706790607649,8.84238990201544,7.72246530506721,7.02013025589118,8.31766295909498,5.23867127785916,-34.1078669063674,0,1.45499999999999,-5.43932925327937,-10.7261600060818
7.1711341679011,8.81325236492178,7.75746166170256,6.97841239824594,8.34358917061521,5.18524230404421,-33.5881909637292,0,1.45999999999999,-5.82750741873141,-10.6857947629898
7.21504489639433,8.78214569864518,7.79224725513663,6.93582497538331,8.3692493875929,5.13204339553952,-33.0653505077535,0,1.46499999999999,-6.22133325532062,-10.6397817009391
7.2587901161584,8.74904395281401,7.82681773754335,6.89236798730329,8.3946448901262,5.07910050665917,-32.5396679876418,0,1.46999999999999,-6.6203491662332,-10.5885777760697
7.30235973429856,8.71392362803316,7.86116876109662,6.84804143400587,8.41977707580009,5.02643713477788,-32.0114725845671,0,1.47499999999999,-7.02406495617005,-10.5326743762582
7.34574355350399,8.67676384108571,7.89529597797036,6.80284531549107,8.44464744665706,4.97407417139356,-31.4810994636516,0,1.47999999999999,-7.43195738949005,-10.4725926768628
7.38893128572605,8.63754644441137,7.92919504033849,6.75677963175888,8.46925759541581,4.92202975174979,-30.9488889872898,0,1.48499999999999,-7.84347933486735,-10.4088839287536
7.43191256661486,8.59625617776266,7.96286160037491,6.70984438280929,8.49360919116894,4.87031915062629,-30.4151858918197,0,1.48999999999999,-8.25805332974312,-10.3421202247004
7.47467697028373,8.55288073377434,7.99629131025354,6.66203956864231,8.5177039644641,4.81895465903338,-29.8803384371377,0,1.49499999999999,-8.67508879766383,-10.2728983185814
7.51721402471101,8.50741088545547,8.02947982214829,6.61336518925794,8.54154369210574,4.76794552832658,-29.3446975300458,0,1.49999999999999,-9.09396966377365,-10.2018261413605
7.55951322718431,8.45984049466045,8.06242278823307,6.56382124465618,8.56513018150996,4.7172978808441,-28.808615833584,0,1.50499999999999,-9.5140781590036,-10.1295294964972
7.60156406003514,8.41016657016554,8.09511586068181,6.51340773483703,8.58846525492951,4.66701468391044,-28.27244686432,0,1.50999999999999,-9.93478489898223,-10.0566393867314
7.643356006678,8.35838932857237,8.1275546916684,6.46212465980049,8.61155073373254,4.6170957606061,-27.736544082457,0,1.51499999999999,-10.355448318634,-9.98378466086809
7.68487856725322,8.30451211504309,8.15973493336677,6.40997201954655,8.6343884225263,4.56753775875181,-27.2012599888524,0,1.51999999999999,-10.775442705857,-9.9116003708577
7.72612127412654,8.24854137466371,8.19165223795082,6.35694981407523,8.65698009344866,4.51833418447318,-26.6669452309474,0,1.52499999999999,-11.1941480758755,-9.84071485572571
7.76707370761476,8.19048669764455,8.22330225759448,6.30305804338651,8.67932747100303,4.46947551087342,-26.1339477177884,0,1.52999999999999,-11.6109354038315,-9.77173471995165
7.80772551059732,8.13036059651266,8.25468064447164,6.2482967074804,8.70143221687163,4.42094917372015,-25.602611766346,0,1.53499999999999,-12.0252202263789,-9.70526743065552
7.84806640331235,8.06817854300613,8.28578305075624,6.1926658063569,8.72329591558136,4.37273974194621,-25.0732772669738,0,1.53999999999999,-12.4364107013058,-9.64188635478642
7.88808619691651,8.00395872083235,8.31660512862217,6.13616534001601,8.74492006039866,4.32482896345934,-24.5462788908444,0,1.54499999999999,-12.8439644347548,-9.58215569737497
7.92777480706053,7.93772202880399,8.34714253024335,6.07879530845773,8.76630604027438,4.27719597514461,-24.0219453270193,0,1.54999999999999,-13.2473384056718,-9.5265976629463
7.96712226636972,7.86949186183783,8.3773909077937,6.02055571168206,8.78745512736183,4.22981741748886,-23.5005985673078,0,1.55499999999999,-13.6460333932337,-9.4757115311495
8.00611873575735,7.79929387752557,8.40734591344713,5.96144654968899,8.80836846518492,4.18266756461835,-22.9825532431921,0,1.55999999999999,-14.0395968624501,-9.42997057410224
8.04475451553503,7.72715595553641,8.43700319937755,5.90146782247854,8.82904705807106,4.13571857722757,-22.4681160047982,0,1.56499999999999,-14.4275843978333,-9.38979747815534
8.08302005499291,7.65310789157606,8.46635841775887,5.84061953005069,8.84949176121508,4.08894062880469,-21.9575849617868,0,1.56999999999999,-14.8096127920697,-9.35558968457677
8.12090596125713,7.57718125284284,8.49540722076501,5.77890167240545,8.86970327187243,4.04230213146935,-21.4512491773,0,1.57499999999999,-15.1853277466438,-9.32769946706831
8.15840300726288,7.49940920115033,8.52414526056988,5.71631424954282,8.88968212164037,3.99576995358843,-20.9493882184168,0,1.57999999999999,-15.5544103385013,-9.30643557618316
8.19550213846633,7.41982624068953,8.5525681893474,5.6528572614628,8.90942866965655,3.94930960323623,-20.4522717690202,0,1.58499999999999,-15.9165920921605,-9.29207007043935
8.23219447851694,7.33846801012236,8.58067165927147,5.58853070816539,8.92894309684757,3.90288543820343,-19.9601593025288,0,1.58999999999999,-16.271646113435,-9.28483300656149
8.26847133349633,7.25537099587719,8.60845132251601,5.52333458965058,8.94822540101632,3.85646083375013,-19.4732998197258,0,1.59499999999999,-16.619402849034,-9.28492089065882
8.30432419673264,7.17057264726356,8.63590283125493,5.45726890591839,8.96727539381931,3.80999856059787,-18.9919316242451,0,1.59999999999999,-16.9596697227243,-9.29245463045323
8.33974475021874,7.0841106972192,8.66302183766215,5.3903336569688,8.98609269749249,3.76346073463593,-18.516282188151,0,1.60499999999999,-17.2923900088723,-9.30756519238711
8.37472486666417,6.99602328908596,8.68980399391158,5.32252884280182,9.00467674342572,3.71680918664629,-18.0465680523189,0,1.60999999999999,-17.6174816266489,-9.33030959792811
8.40925661063881,6.90634879492874,8.71624495217712,5.25385446341745,9.02302677171175,3.67000565720586,-17.5829947807595,0,1.61499999999999,-17.9348988314445,-9.36070588808624
8.44333223777198,6.81512542663338,8.74234036463271,5.18431051881569,9.04114183105616,3.62301186888283,-17.1257569809918,0,1.61999999999999,-18.2446736590716,-9.39875766460583
8.47694696213334,6.72294487227191,8.76808800418331,5.11474530142439,9.05902225297715,3.57608438419769,-16.6750012568536,0,1.62499999999999,-18.4361108722944,-9.3854969370275
8.5100990200168,6.6304115766918,8.79348781764695,5.04518008403308,9.07666969473578,3.52948835172446,-16.2308256111288,0,1.62999999999999,-18.5066591160204,-9.31920649464564
8.54278689435355,6.53757486734961,8.81853980502364,4.97561486664178,9.09408567338858,3.48319573056176,-15.7933169642756,0,1.63499999999999,-18.5673418684379,-9.25852423254101
8.5750092391355,6.44446895639001,8.84324396631337,4.90604964925048,9.11127153486764,3.43717229581084,-15.3625524337623,0,1.63999999999999,-18.6211821919208,-9.20468695018419
8.60676487300682,6.3511267742654,8.86760030151614,4.83648443185917,9.12822846026621,3.39138507971496,-14.9385996977417,0,1.64499999999999,-18.6684364249217,-9.15744321917469
8.6380527729065,6.25757997993556,8.89160881063196,4.76691921446787,9.14495747251197,3.34580244915065,-14.5215173683621,0,1.64999999999999,-18.7093588659685,-9.11652611286247
8.6688720673047,6.1638588796392,8.91526949366082,4.69735399707656,9.16145944310377,3.30039411836027,-14.1113553785383,0,1.65499999999999,-18.744220059272,-9.08166615807673
8.69922202930213,6.06999239948692,8.93858235060273,4.62778877968526,9.17773509897997,3.25513117524035,-13.7081553764125,0,1.65999999999999,-18.7732960304563,-9.05258862398401
8.72910206909332,5.97600795823823,8.96154738145767,4.55822356229395,9.19378502917896,3.20998603979798,-13.3119511320874,0,1.66499999999999,-18.7968882497369,-9.02902708847426
8.75851172834835,5.88193185100516,8.98416458622567,4.48865834490265,9.20960969259854,3.16493268391601,-12.9227689208768,0,1.66999999999999,-18.815221446614,-9.01067117639265
8.7874506715218,5.78778863468992,9.0064339649067,4.41909312751134,9.22520942411387,3.11994630306673,-12.5406279475605,0,1.67499999999999,-18.8286432630484,-8.99727616985757
8.81591868034169,5.69360176397793,9.02835551750078,4.34952791012004,9.24058444235819,3.07500364886338,-12.1655407271753,0,1.67999999999999,-18.8373741423975,-8.98853084066964
8.84391564545254,5.599393022171,9.0499292440079,4.27996269272874,9.25573485587487,3.03008270333643,-11.7975135006747,0,1.68499999999999,-18.8417483613874,-8.98418910538972
8.87144156134704,5.50518317889933,9.07115514442807,4.21039747533743,9.27066067090469,2.9851630059635,-11.4365466032213,0,1.68999999999999,-18.8419686543327,-8.98393947458507
8.89849651735911,5.41099120241509,9.09203321876127,4.14083225794613,9.28536179686233,2.94022519152732,-11.0826348791133,0,1.69499999999999,-18.8383952968477,-8.98756288723614
8.92508069382569,5.31683529331522,9.11256346700753,4.07126704055482,9.2998380544001,2.89525150755541,-10.7357680227573,0,1.69999999999999,-18.8311818199747,-8.99473679438261
8.95119435289598,5.22273181405811,9.13274588916682,4.00170182316352,9.31408918032222,2.85022518442289,-10.3959309827498,0,1.70499999999999,-18.8206958514231,-9.00526462650459
8.97683783447731,5.12869631626589,9.15258048523916,3.93213660577221,9.32811483502174,2.80513093990452,-10.0631042910806,0,1.70999999999999,-18.8070995584434,-9.01884890367413
9.00201154904555,5.03474291364827,9.17206725522455,3.86257138838091,9.34191460792169,2.75995457998918,-9.73726442497694,0,1.71499999999999,-18.7906805235233,-9.03527198306753
9.02671597193295,4.94088457748065,9.19120619912297,3.79300617098961,9.35548802341192,2.71468309804656,-9.41838414062956,0,1.71999999999999,-18.7716672335235,-9.05429638852446
9.05095163790278,4.84713319396567,9.20999731693444,3.7234409535983,9.36883454662307,2.66930464223026,-9.10643279403091,0,1.72499999999999,-18.7502767029974,-9.07569116325853
9.0747191357894,4.75349957732416,9.22844060865895,3.653875736207,9.38195358890583,2.62380845655078,-8.80137665149822,0,1.72999999999999,-18.7267233283011,-9.09923713589622
9.09801910230342,4.65999330280374,9.24653607429651,3.58431051881569,9.39484451250853,2.57818472054001,-8.50317920114894,0,1.73499999999999,-18.7012549040848,-9.12474720215508
9.12085221901189,4.56662334169404,9.26428371384711,3.51474530142439,9.4075066366657,2.53242483143522,-8.21180141383672,0,1.73999999999998,-18.6739922219399,-9.15197782095758
9.14321920554296,4.473397306213,9.28168352731076,3.44518008403308,9.41993924125452,2.4865209177635,-7.92720204257516,0,1.74499999999998,-18.6452070962083,-9.18078273434322
9.16512081625851,4.38032214310969,9.29873551468744,3.37561486664178,9.43214157202389,2.44046615387475,-7.64933786766308,0,1.74999999999998,-18.6150326206615,-9.2109527777513
9.18655783506181,4.28740376066164,9.31543967597717,3.30604964925048,9.4441128444465,2.39425448452108,-7.37816395578793,0,1.75499999999998,-18.5836764896107,-9.24233387073361
9.20753107239853,4.19464746734225,9.33179601117995,3.23648443185917,9.45585224845328,2.34788080135628,-7.11363388157534,0,1.75999999999998,-18.5512586638778,-9.2747366329589
9.22804136040058,4.10205760041038,9.34780452029577,3.16691921446787,9.46735895179907,2.30134066915841,-6.85569996312334,0,1.76499999999998,-18.5179733863732,-9.30802643957511
9.24808954920896,4.00963776167673,9.36346520332463,3.09735399707656,9.47863210375669,2.25463039152336,-6.60431347317619,0,1.76999999999998,-18.4839677467295,-9.34205552700922
9.26767650442181,3.91739104256981,9.37877806026653,3.02778877968526,9.48967083912624,2.20774707390955,-6.35942482708892,0,1.77499999999998,-18.4493438213846,-9.37666352276336
9.28680310289616,3.82531969486935,9.39374309112148,2.95822356229395,9.50047428100946,2.16068837664406,-6.12098378257716,0,1.77999999999998,-18.4142695400919,-9.41173945309703
9.3054702296608,3.73342535292745,9.40836029588947,2.88865834490265,9.51104154390531,2.11345257916974,-5.88893961683834,0,1.78499999999998,-18.3788683883807,-9.44715949486348
9.32367877531281,3.64170913040275,9.4226296745705,2.81909312751135,9.52137173678886,2.06603857671129,-5.66324128933969,0,1.78999999999998,-18.3432445049402,-9.48280049169119
9.34142963407424,3.55017175228629,9.43655122716458,2.74952791012004,9.53146396628747,2.01844589972157,-5.44383758847935,0,1.79499999999998,-18.3074756232904,-9.51853539794243
9.35872640037548,3.45935326024775,9.45012707440278,2.68081098515658,9.54131887870891,1.97098248428788,-5.2306440559576,0,1.79999999999998,-18.1636984077094,-9.49268308673936
9.37557542556969,3.36980503884275,9.46336151092919,2.61296362541052,9.55093871213166,1.9239666845505,-5.02354285431639,0,1.80499999999998,-17.9096442809995,-9.40315994747483
9.39198310837405,3.28153656087134,9.47625888456992,2.54598583088184,9.56032576365743,1.87741030515373,-4.82241648016159,0,1.80999999999998,-17.6536955942812,-9.31127587935392
9.4079558250034,3.19454332586985,9.48882354315105,2.47987760157056,9.56948235177284,1.83131762308119,-4.62714868742688,0,1.81499999999998,-17.3986470002987,-9.21853641450952
9.42349992984154,3.10882096762843,9.50105983449867,2.41463893747667,9.57841081847822,1.78569334107772,-4.43762452912577,0,1.81999999999998,-17.1444716482844,-9.12485640069374
9.43862175290732,3.02436461315537,9.51297210643886,2.35026983860017,9.58711352929819,1.74054216399248,-4.25373043024187,0,1.82499999999998,-16.8912708946118,-9.03023541704715
9.45332759923358,2.94116926525226,9.52456470679772,2.28677030494106,9.5955928741245,1.69586896526366,-4.07535422966576,0,1.82999999999998,-16.6390695806215,-8.93463974576543
9.46762374945423,2.8592300441295,9.53584198340132,2.22414033649934,9.60385126851945,1.65167887898877,-3.90238520071171,0,1.83499999999998,-16.3878442245519,-8.83801725497637
9.48151645810409,2.77854172997301,9.54680828407575,2.16237993327502,9.61189115348296,1.60797699270226,-3.73471409315067,0,1.83999999999998,-16.1376628312992,-8.74037725730279
9.49501195350925,2.69909908103244,9.55746795664711,2.10148909526808,9.61971499593506,1.56476849042039,-3.57223315016992,0,1.84499999999998,-15.8885297881133,-8.64170045637365
9.5081164384302,2.62089698418995,9.56782534894148,2.04146782247854,9.62732528945527,1.52205870404195,-3.4148361111283,0,1.84999999999998,-15.6404193684978,-8.54195727568792
9.5208360880112,2.54392991619968,9.57788480878494,1.98231611490638,9.63472455329326,1.47985276759831,-3.26241824195847,0,1.85499999999998,-15.3934135980544,-8.44118728872734
9.53317705236775,2.46819287130882,9.58765068400359,1.92403397255162,9.64191533392301,1.43815612595082,-3.11487630556226,0,1.85999999999998,-15.1474089781711,-8.33932832949968
9.54514545456791,2.39368044003229,9.5971273224235,1.86662139541425,9.64890020378581,1.39697397255896,-2.97210858362855,0,1.86499999999998,-14.9024862553079,-8.23643067837176
9.55674739129886,2.32038734619006,9.60631907187077,1.81007838349427,9.65568176146992,1.35631153682218,-2.83401486268536,0,1.86999999999998,-14.6586187684443,-8.13248714735462
9.5679889337558,2.24830849138962,9.61523028017149,1.75440493679169,9.66226263191363,1.31617408874153,-2.70049641444747,0,1.87499999999998,-14.4157709600887,-8.02748961613147
9.57887612643262,2.17743853536323,9.62386529515173,1.69960105530649,9.66864546528215,1.2765666737038,-2.57145599828732,0,1.87999999999998,-14.1739912052784,-7.92148300754518
9.58941498946999,2.10777260747335,9.6322284646376,1.64566673903869,9.67483293783919,1.23749451140886,-2.44679781893231,0,1.88499999999998,-13.9331855779762,-7.81443245898923
9.59961151741977,2.03930558995683,9.64032413645517,1.59260198798827,9.680827750642,1.19896256056128,-2.32642752447718,0,1.88999999999998,-13.6934035033033,-7.70639016951495
9.6094716798461,1.97203248526525,9.64815665843052,1.54040680215525,9.68663262924131,1.16097571986294,-2.21025218056803,0,1.89499999999998,-13.4546209383159,-7.59736813966834
9.61900142279619,1.9059485900178,9.65573037838976,1.48908118153962,9.69225032383458,1.1235389186528,-2.09818023265315,0,1.89999999999998,-13.2167790494896,-7.48736024202863
9.62820666795062,1.84104903088693,9.66304964415897,1.43862512614138,9.69768360799997,1.08665683307901,-1.99012149405826,0,1.90499999999998,-12.9799118261745,-7.37641711475754
9.63709331435722,1.77732928132019,9.67011880356422,1.38903863596053,9.70293527890609,1.05033418122362,-1.88598710232012,0,1.90999999999998,-12.7439499133477,-7.26453037107753
9.64566723724028,1.71478457661101,9.67694220443161,1.34032171099707,9.70800815575575,1.01457536993239,-1.78568950871677,0,1.91499999999998,-12.5089409418359,-7.15176225824692
9.65393429105659,1.65341076326183,9.68352419458723,1.29247435125101,9.71290508070587,0.97938499002421,-1.68914241707044,0,1.91999999999998,-12.2747626698368,-7.03807598163517
9.66190030806803,1.59320340228745,9.68986912185717,1.24549655672233,9.71762891710893,0.944767280610858,-1.59626077426041,0,1.92499999999998,-12.0414721948766,-6.92354188267033
9.66957109897424,1.53415818124208,9.6959813340675,1.19938832741105,9.72218254894666,0.910726367546445,-1.50696073587446,0,1.92999999999998,-11.8090442090736,-6.80818261288265
9.67695245549483,1.47627130411775,9.70186517904432,1.15414966331716,9.7265688814044,0.877266491549408,-1.42115960868678,0,1.93499999999998,-11.5773754248652,-6.69197519940732
9.68405014832029,1.41953856509252,9.70752500461371,1.10978056444066,9.73079083868166,0.844391455451293,-1.33877584663591,0,1.93999999999998,-11.3465478050463,-6.57500721962305
9.69086992963173,1.36395626228724,9.71296515860177,1.06628103078155,9.73485136450394,0.812105164456445,-1.2597289933035,0,1.94499999999998,-11.1164605610568,-6.45725819896963
9.69741753288407,1.30952065046911,9.71818998883457,1.02365106233983,9.73875342100224,0.780411299660173,-1.18393965602239,0,1.94999999999998,-10.8871223636247,-6.33877295925438
9.70369867351001,1.25622812518791,9.72320384313821,0.981890659115504,9.74249998813483,0.749313426516977,-1.11132946914609,0,1.95499999999998,-10.6585050562401,-6.21957462863922
9.70971905019689,1.20407533737654,9.72801106933877,0.940999821108569,9.74609406345017,0.718815063067383,-1.04182105067549,0,1.95999999999998,-10.4305575622735,-6.09967268991869
9.71548434432666,1.153058825953,9.73261601526234,0.900978548319025,9.74953866075498,0.68891946096283,-0.975337980146222,0,1.96499999999998,-10.2033022847089,-5.97912042091069
9.72100022141236,1.10317541714168,9.73702302873501,0.861826840746872,9.75283680997682,0.659629844367635,-0.911804753537041,0,1.96999999999998,-9.97668176226343,-5.857923319039
9.72627233193557,1.05442210464058,9.74123645758285,0.82354469839211,9.75599155667601,0.63094933983931,-0.851146745299658,0,1.97499999999998,-9.75066250022034,-5.73610090566505
9.7313063113232,1.00679587752751,9.74526064963197,0.78613212125474,9.75900596105043,0.602880874882452,-0.79329018050764,0,1.97999999999998,-9.52524542261486,-5.61369299137156
9.7361077807618,0.96029388771995,9.74909995270844,0.749589109334762,9.76188309744991,0.575427279896998,-0.738162097621668,0,1.98499999999998,-9.3003979615115,-5.49071899709077
9.74068234802371,0.914913452380417,9.75275871463836,0.713915662632174,9.7646260539096,0.548591291937131,-0.685690311449292,0,1.98999999999998,-9.07608706790648,-5.36719759197337
9.74503560754576,0.870651904411147,9.75624128324781,0.679111781146978,9.76723793124758,0.522375467597535,-0.635803385040248,0,1.99499999999998,-8.85230959385412,-5.24316486791931
9.74917314204048,0.827506898943584,9.75955200636288,0.645177464879173,9.76972184309557,0.496782369596757,-0.5884305844083,0,1.99999999999998,-8.62900109351263,-5.11861960015562
9.75310052133332,0.785475858568219,9.76269523180965,0.612112713828759,9.77208091427996,0.471814236879501,-0.543501865462261,0,2.00499999999998,-8.40620807507284,-4.99362654345108
9.75682330538622,0.744556810580222,9.76567530741421,0.579917527995737,9.77431828173225,0.447473490456497,-0.500947813467107,0,2.00999999999998,-8.18380959759948,-4.86814928460089
9.76034704191622,0.704747305998786,9.76849658100265,0.548591907380106,9.77643709217014,0.423762087578223,-0.460699644836936,0,2.01499999999998,-7.96190091628717,-4.74228057565466
9.76367726936218,0.666045489192449,9.77116340040105,0.518135851981866,9.77844050300958,0.400682167888007,-0.422689148269129,0,2.01999999999998,-7.74036336126742,-4.61598393804338
9.76681951690915,0.628449509393665,9.77368011343551,0.488549361801018,9.78033168152823,0.378235703730809,-0.386848660083771,0,2.02499999999998,-7.51919595975685,-4.48929283143955
9.76977930372977,0.5919573641252,9.77605106793211,0.459832436837561,9.78211380357593,0.356424409539154,-0.35311104901136,0,2.02999999999998,-7.29842905369287,-4.36225883833101
9.77256214095851,0.556567445748345,9.77828061171693,0.431985077091495,9.78379005394963,0.335250074741233,-0.321409670377875,0,2.03499999999998,-7.077983675371,-4.23486695958422
9.77517353128519,0.522278065336027,9.78037309261606,0.40500728256282,9.7853636253563,0.3147142813336,-0.291678348036598,0,2.03999999999998,-6.8578760824636,-4.1071586815265
9.77761897026132,0.48908779522539,9.7823328584556,0.378899053251537,9.7868377184282,0.294818614379811,-0.263851337383301,0,2.04499999999998,-6.63805402212745,-3.97913339075787
9.77990394530852,0.456995009439502,9.78416425706162,0.353660389157646,9.78821554037491,0.275564389342633,-0.237863315145475,0,2.04999999999998,-6.41855715717756,-3.85084500743552
9.78203393822903,0.425998584103219,9.78587163626022,0.329291290281145,9.78950030576829,0.256953078676089,-0.213649329948737,0,2.05499999999998,-6.19928506725672,-3.72226213330874
9.78401442408469,0.39609717113167,9.78745934387748,0.305791756622036,9.79069523516055,0.238985878451579,-0.191144794843012,0,2.05999999999998,-5.98028259430977,-3.59344004490217
9.78585087208549,0.367289600160863,9.78893172773948,0.283161788180318,9.79180355493626,0.22166395514147,-0.170285457606667,0,2.06499999999998,-5.76151419416131,-3.46438466202182
9.78754874600771,0.339574784442853,9.79029313567232,0.261401384955991,9.79282849690369,0.204988393485886,-0.15100737706139,0,2.06999999999998,-5.5429631436021,-3.33511233111679
9.78911350459257,0.312951716972801,9.79154791550209,0.240510546949056,9.79377329789759,0.18896019878026,-0.133246900270635,0,2.07499999999998,-5.32461349401039,-3.20563894112502
9.79055060197175,0.28741947583641,9.79270041505486,0.220489274159512,9.79464119942149,0.173580304780868,-0.116940640103763,0,2.07999999999998,-5.10644822727826,-3.07597879987844
9.79186548811942,0.262977229532761,9.79375498215673,0.201337566587359,9.79543544732972,0.158849581644527,-0.102025453175116,0,2.08499999999998,-4.88844926072967,-2.94614462726827
9.79306360933042,0.239624242200758,9.79471596463378,0.183055424232598,9.79615929154892,0.144768843840735,-0.0884384181680531,0,2.08999999999998,-4.67059746640062,-2.81614756075832
9.79415040699478,0.217359532870661,9.79558771031209,0.165642847095228,9.79681598479411,0.13133864903733,-0.0761168341602598,0,2.09499999999998,-4.45294186601947,-2.68603896068116
9.79513132103693,0.196182808431265,9.79637456701777,0.149099835175249,9.79740878412717,0.118559866612361,-0.0649981667438055,0,2.09999999999998,-4.23534488787919,-2.55575648499365
9.79601178744874,0.176093282360883,9.79708088257689,0.133426388472662,9.79794094897108,0.106432968783132,-0.0550200618123,0,2.10499999999998,-4.01790521407628,-2.42537956584583
9.79679723948328,0.157090406908716,9.79771100481554,0.118622506987465,9.79841574136015,0.0949584778140694,-0.0461203185279402,0,2.10999999999998,-3.80057509043339,-2.29489819381256
9.79749310845726,0.139173794796976,9.79826928155981,0.104688190719661,9.79883642597837,0.0841369236432826,-0.0382368674350317,0,2.11499999999998,-3.58332242234806,-2.16431083415735
9.79810482306619,0.122342921785347,9.79876006063578,0.0916234396692469,9.79920626932327,0.0739686689801815,-0.0313077661236889,0,2.11999999999998,-3.36617460232575,-2.03365093262022
9.79863781080566,0.106597547894763,9.79918768986955,0.0794282538362247,9.79952854016749,0.0644541688429498,-0.0252711717356675,0,2.12499999999998,-3.14907477811695,-1.90290002744634
9.79909749680851,0.0919372005690102,9.79955651708719,0.0681026332205937,9.79980650848259,0.0555936630213061,-0.0200653434487208,0,2.12999999999998,-2.93206946515049,-1.77210116432875
9.79948930541878,0.0783617220539097,9.79987089011479,0.0576465778223541,9.80004344604237,0.0473875119552364,-0.0156286146665963,0,2.13499999999998,-2.7150957030201,-1.64123021321394
9.79981865919517,0.0658707552787152,9.80013515677845,0.0480600876415057,9.80024262549645,0.039835890816913,-0.0118993950312785,0,2.13999999999998,-2.4981933550389,-1.51032422766467
9.80009098012138,0.0544641852421519,9.80035366490425,0.0393431626780487,9.80040732080326,0.0329390613607849,-0.00881614815115483,0,2.14499999999998,-2.28131400731267,-1.37936589122563
9.80031168935839,0.0441418474020289,9.80053076231828,0.0314958029319829,9.80054080680599,0.0266972005456671,-0.00631738655108904,0,2.14999999999998,-2.06446756802459,-1.24837216302356
9.80048620641682,0.0349034116848017,9.80067079684662,0.0245180084033085,9.80064635848263,0.0211103353283664,-0.00434167389661866,0,2.15499999999998,-1.84768714344545,-1.11737304346013
9.80061995166006,0.0267490486487367,9.80077811631535,0.0184097790920254,9.8007272522353,0.0161787505355891,-0.00282759022141477,0,2.15999999999998,-1.63087260721299,-0.986316958555464
9.80071834420709,0.0196785094059839,9.80085706855058,0.0131711149981336,9.80078676442214,0.0119024373668385,-0.00171374994882001,0,2.16499999999998,-1.41410784855056,-0.855262633750116
9.80078680241421,0.0136916414249998,9.80091200137838,0.00880201612163304,9.80082817147374,0.0082814103195421,-0.00093879142744413,0,2.16999999999998,-1.19737359619681,-0.724205409459287
9.80083074565622,0.0087886484006085,9.80094726262484,0.00530248246252382,9.80085475082053,0.0053158693589542,-0.000441352471781897,0,2.17499999999998,-0.98059860487827,-0.593108192117578
9.80085559221155,0.00496931106617376,9.80096720011605,0.00267251402080591,9.80086977948855,0.00300573360409705,-0.000160090718537731,0,2.17999999999998,-0.763867466886947,-0.462027150971431
9.80086676033089,0.00223362386826728,9.80097616167809,0.000912110796479302,9.80087653464554,0.0013510313973361,-3.36686594977209E-05,0,2.18499999999998,-0.547137439581296,-0.33094044135219
9.80086966834663,0.000581603148219782,9.80097849513706,2.12727895439991E-05,9.80087829359184,0.000351789260832918,-7.50244907976594E-07,0,2.18999999999998,-0.3304041440095,-0.199848427300636
9.80086973462336,1.32553452658613E-05,9.80097854831903,0,9.80087833368008,8.01764770130831E-06,0,0,2.19499999999998,-0.113669560590784,-0.0687543226263219
9.80086973462336,0,9.80097854831903,0,9.80087833368008,0,0,1,2.19999999999998,-0.00265106905317225,-0.00160352954026166
